"TM","WD","WSPD","WS_GST","VIS","RVR1","RVR2","RVR3","RVR4","WC","TMP","TD","PS","PA","RN","HM","CA_TOT","CLA_1LYR","BASE_1LYR","CLF_1LYR","CLA_2LYR","BASE_2LYR","CLF_2LYR","CLA_3LYR","BASE_3LYR","CLF_3LYR","CLA_4LYR","BASE_4LYR","CLF_4LYR"
"2019053124","9","4","","1000","","","","","","158","137","10122","10090","","88","4","4","200","0","","","","","","","","",""
"2019060101","10","3","","1000","","","","","","159","139","10120","10088","","88","6","2","12","7","4","30","6","6","110","4","","",""
"2019060102","26","1","","1000","","","","","","157","135","10126","10094","","87","6","4","16","7","6","200","0","","","","","",""
"2019060103","10","3","","1000","","","","","","155","128","10120","10088","","84","7","5","17","7","7","200","0","","","","","",""
"2019060104","9","3","","800","","","","","10","145","126","10117","10085","","88","7","1","15","7","7","200","0","","","","","",""
"2019060105","12","4","","900","","","","","10","150","132","10113","10081","","89","6","6","200","0","","","","","","","","",""
"2019060106","1","2","","1000","","","","","","148","129","10114","10082","","88","7","7","200","0","","","","","","","","",""
"2019060107","21","1","","1000","","","","","","158","138","10118","10086","","88","6","6","200","0","","","","","","","","",""
"2019060108","3","3","","1000","","","","","","177","144","10116","10084","","81","5","5","200","0","","","","","","","","",""
"2019060109","7","6","","1000","","","","","","201","134","10113","10082","","65","7","7","200","0","","","","","","","","",""
"2019060110","4","7","","1000","","","","","","204","132","10111","10080","","64","6","6","200","0","","","","","","","","",""
"2019060111","3","7","","1000","","","","","","203","146","10112","10081","","70","1","1","200","1","","","","","","","","",""
"2019060112","1","5","","1000","","","","","","198","144","10112","10081","","71","3","3","200","0","","","","","","","","",""
"2019060113","36","5","","1000","","","","","","200","146","10108","10077","","71","5","5","200","0","","","","","","","","",""
"2019060114","33","6","","1000","","","","","","203","156","10104","10073","","74","7","2","150","3","7","200","0","","","","","",""
"2019060115","32","6","","1000","","","","","","203","159","10108","10077","","76","7","7","200","0","","","","","","","","",""
"2019060116","33","6","","1000","","","","","","198","157","10108","10077","","77","7","7","180","0","","","","","","","","",""
"2019060117","1","4","","1000","","","","","","200","152","10102","10071","","74","5","2","150","3","5","180","0","","","","","",""
"2019060118","1","4","","1000","","","","","","191","156","10095","10064","","80","6","4","150","3","6","200","0","","","","","",""
"2019060119","3","4","","1000","","","","","","187","158","10099","10067","","83","6","6","150","3","","","","","","","","",""
"2019060120","35","2","","1000","","","","","","184","156","10100","10068","","84","7","4","150","3","7","200","0","","","","","",""
"2019060121","32","1","","1000","","","","","","182","156","10108","10076","","85","7","4","150","3","7","200","0","","","","","",""
"2019060122","36","2","","1000","","","","","","181","155","10107","10075","","85","7","4","150","3","7","200","0","","","","","",""
"2019060123","24","2","","800","","","","","10","178","152","10112","10080","","85","7","4","150","3","7","200","0","","","","","",""
"2019060124","34","1","","600","","","","","10","174","151","10106","10074","","86","7","4","150","3","7","200","0","","","","","",""
"2019060201","0","0","","800","","","","","10","173","154","10100","10068","","88","7","4","150","3","7","200","0","","","","","",""
"2019060202","5","2","","800","","","","","10","173","154","10093","10061","","88","7","4","150","3","7","200","0","","","","","",""
"2019060203","11","2","","1000","","","","","","167","139","10084","10052","","83","7","4","130","3","7","200","0","","","","","",""
"2019060204","9","3","","1000","","","","","","164","112","10084","10052","","71","7","4","130","3","7","200","0","","","","","",""
"2019060205","6","4","","1000","","","","","","170","94","10080","10048","","61","7","4","130","3","7","200","0","","","","","",""
"2019060206","5","3","","800","","","","","10","171","143","10087","10055","","84","7","4","130","3","7","200","0","","","","","",""
"2019060207","9","4","","1000","","","","","","188","108","10082","10051","","60","7","2","40","6","7","140","3","","","","","",""
"2019060208","4","5","","700","","","","","10","191","158","10086","10055","","81","6","3","140","3","6","200","0","","","","","",""
"2019060209","4","7","","900","","","","","10","198","159","10088","10057","","78","6","1","40","6","4","150","3","6","200","0","","",""
"2019060210","3","6","","1000","","","","","","210","141","10088","10057","","65","5","2","50","6","5","200","0","","","","","",""
"2019060211","5","6","","1000","","","","","","211","126","10087","10056","","58","6","1","50","6","6","180","0","","","","","",""
"2019060212","3","6","","1000","","","","","","213","144","10083","10052","","65","6","3","150","3","6","200","0","","","","","",""
"2019060213","4","7","","1000","","","","","","219","133","10079","10048","","58","7","7","200","0","","","","","","","","",""
"2019060214","4","6","","1000","","","","","","215","162","10075","10044","","72","7","7","180","0","","","","","","","","",""
"2019060215","4","6","","1000","","","","","","214","149","10073","10042","","67","7","3","150","3","7","200","0","","","","","",""
"2019060216","3","5","","1000","","","","","","212","150","10070","10039","","68","7","3","150","3","7","200","0","","","","","",""
"2019060217","30","5","","1000","","","","","","210","154","10071","10040","","71","4","2","150","3","4","200","0","","","","","",""
"2019060218","32","4","","1000","","","","","","207","163","10069","10038","","76","2","2","200","0","","","","","","","","",""
"2019060219","29","2","","1000","","","","","","196","163","10068","10037","","81","2","2","200","0","","","","","","","","",""
"2019060220","32","3","","1000","","","","","","187","156","10071","10040","","82","1","1","200","0","","","","","","","","",""
"2019060221","26","3","","800","","","","","10","182","146","10081","10049","","80","1","1","200","0","","","","","","","","",""
"2019060222","26","2","","800","","","","","10","182","145","10084","10052","","79","2","2","200","0","","","","","","","","",""
"2019060223","25","1","","800","","","","","10","172","134","10086","10054","","79","2","2","200","0","","","","","","","","",""
"2019060224","20","2","","800","","","","","10","165","135","10086","10054","","82","2","2","200","0","","","","","","","","",""
"2019060301","23","1","","1000","","","","","","166","124","10087","10055","","76","2","2","200","0","","","","","","","","",""
"2019060302","24","1","","1000","","","","","","159","121","10087","10055","","78","2","2","200","0","","","","","","","","",""
"2019060303","18","4","","1000","","","","","","173","123","10083","10051","","72","0","","","","","","","","","","","",""
"2019060304","17","5","","1000","","","","","","174","124","10080","10048","","73","0","","","","","","","","","","","",""
"2019060305","17","5","","1000","","","","","","173","122","10080","10048","","72","2","2","200","0","","","","","","","","",""
"2019060306","17","4","","1000","","","","","","169","124","10081","10049","","75","2","2","200","0","","","","","","","","",""
"2019060307","17","2","","1000","","","","","","203","136","10084","10053","","66","3","3","200","0","","","","","","","","",""
"2019060308","2","3","","1000","","","","","","215","127","10087","10056","","57","4","4","200","0","","","","","","","","",""
"2019060309","4","6","","1000","","","","","","216","117","10095","10064","","53","4","4","200","0","","","","","","","","",""
"2019060310","3","6","","1000","","","","","","232","69","10096","10065","","35","3","3","200","0","","","","","","","","",""
"2019060311","3","5","","1000","","","","","","228","80","10094","10063","","39","3","3","200","0","","","","","","","","",""
"2019060312","2","5","","1000","","","","","","232","99","10096","10065","","43","3","3","200","0","","","","","","","","",""
"2019060313","1","5","","1000","","","","","","228","107","10096","10065","","46","2","2","200","0","","","","","","","","",""
"2019060314","2","5","","1000","","","","","","236","120","10090","10059","","48","4","4","200","0","","","","","","","","",""
"2019060315","2","6","","1000","","","","","","235","121","10087","10056","","49","4","4","200","0","","","","","","","","",""
"2019060316","32","5","","1000","","","","","","237","150","10088","10057","","58","4","4","200","0","","","","","","","","",""
"2019060317","32","6","","1000","","","","","","225","145","10090","10059","","61","3","3","200","0","","","","","","","","",""
"2019060318","32","2","","1000","","","","","","218","158","10088","10057","","69","6","6","200","0","","","","","","","","",""
"2019060319","36","3","","1000","","","","","","218","134","10084","10053","","59","6","6","200","0","","","","","","","","",""
"2019060320","23","1","","1000","","","","","","208","139","10088","10057","","65","6","6","200","0","","","","","","","","",""
"2019060321","25","1","","1000","","","","","","202","135","10091","10060","","65","6","6","200","0","","","","","","","","",""
"2019060322","29","1","","1000","","","","","","198","129","10093","10062","","65","1","1","200","0","","","","","","","","",""
"2019060323","22","4","","1000","","","","","","193","131","10091","10060","","67","0","","","","","","","","","","","",""
"2019060324","10","1","","1000","","","","","","186","129","10091","10060","","70","0","","","","","","","","","","","",""
"2019060401","4","2","","1000","","","","","","185","134","10094","10062","","72","3","3","200","0","","","","","","","","",""
"2019060402","13","3","","1000","","","","","","183","132","10094","10062","","72","4","4","200","0","","","","","","","","",""
"2019060403","7","1","","1000","","","","","","185","131","10099","10067","","71","3","3","200","0","","","","","","","","",""
"2019060404","20","5","","1000","","","","","","181","135","10095","10063","","75","4","4","50","6","","","","","","","","",""
"2019060405","18","5","","1000","","","","","","195","134","10091","10060","","68","6","6","50","6","","","","","","","","",""
"2019060406","17","4","","1000","","","","","","197","146","10088","10057","","72","5","5","25","6","","","","","","","","",""
"2019060407","6","6","","800","","","","","10","194","157","10094","10063","","79","3","3","25","6","","","","","","","","",""
"2019060408","4","6","","900","","","","","10","209","157","10097","10066","","72","6","6","20","6","","","","","","","","",""
"2019060409","7","10","","900","","","","","10","224","182","10096","10065","","77","6","6","20","6","","","","","","","","",""
"2019060410","5","10","","1000","","","","","","236","189","10094","10063","","75","3","3","20","6","","","","","","","","",""
"2019060411","7","13","","1000","","","","","","234","190","10097","10066","","76","6","6","25","6","","","","","","","","",""
"2019060412","7","9","","1000","","","","","","268","198","10091","10060","","66","4","4","50","6","","","","","","","","",""
"2019060413","6","14","","1000","","","","","","264","194","10087","10056","","66","5","5","50","6","","","","","","","","",""
"2019060414","5","11","","1000","","","","","","257","193","10084","10053","","68","7","7","50","6","","","","","","","","",""
"2019060415","6","13","","1000","","","","","","252","196","10082","10051","","71","5","3","40","6","5","80","3","","","","","",""
"2019060416","7","10","","1000","","","","","","261","189","10081","10050","","65","5","2","40","6","5","80","3","","","","","",""
"2019060417","7","13","","1000","","","","","","227","194","10080","10049","","82","4","2","50","6","4","200","0","","","","","",""
"2019060418","31","3","","1000","","","","","","222","190","10079","10048","","82","2","2","200","0","","","","","","","","",""
"2019060419","33","3","","1000","","","","","","214","190","10085","10054","","86","1","1","30","6","","","","","","","","",""
"2019060420","32","6","","700","","","","","10","202","185","10095","10064","","90","6","4","7","7","6","30","6","","","","","",""
"2019060421","32","4","","900","","","","","10","200","178","10103","10072","","87","7","5","8","7","7","20","6","","","","","",""
"2019060422","12","2","","1000","","","","","","202","179","10104","10073","","87","7","4","8","7","7","20","6","","","","","",""
"2019060423","9","1","","1000","","","","","","199","175","10106","10075","","86","6","4","8","7","6","20","6","","","","","",""
"2019060424","19","3","","800","","","","","10","204","187","10108","10077","","90","7","4","10","7","7","20","6","","","","","",""
"2019060501","20","4","","480","","","","","10","207","189","10110","10079","","90","6","4","10","7","6","25","6","","","","","",""
"2019060502","20","2","","500","","","","","10","202","183","10104","10073","","89","5","5","25","6","","","","","","","","",""
"2019060503","33","4","","450","","","","","10","198","183","10109","10078","","91","5","2","6","7","5","25","6","","","","","",""
"2019060504","1","1","","450","","","","","10","191","178","10102","10071","","92","1","1","25","6","","","","","","","","",""
"2019060505","18","2","","400","","","","","10","186","175","10108","10076","","93","1","1","8","7","","","","","","","","",""
"2019060506","20","3","","500","","","","","10","196","187","10115","10084","","95","6","6","15","7","","","","","","","","",""
"2019060507","12","2","","1000","","","","","","215","186","10116","10085","","84","2","2","16","7","","","","","","","","",""
"2019060508","3","4","","800","","","","","10","213","181","10119","10088","","82","0","","","","","","","","","","","",""
"2019060509","36","5","","1000","","","","","","219","176","10123","10092","","77","0","","","","","","","","","","","",""
"2019060510","32","6","","1000","","","","","","228","167","10127","10096","","69","0","","","","","","","","","","","",""
"2019060511","1","5","","1000","","","","","","246","145","10132","10101","","54","1","1","200","0","","","","","","","","",""
"2019060512","31","6","","1000","","","","","","243","150","10137","10106","","56","1","1","200","0","","","","","","","","",""
"2019060513","32","7","","1000","","","","","","237","159","10140","10109","","62","1","1","200","0","","","","","","","","",""
"2019060514","32","7","","1000","","","","","","237","160","10136","10105","","62","1","1","200","0","","","","","","","","",""
"2019060515","33","6","","1000","","","","","","239","163","10132","10101","","63","2","2","200","0","","","","","","","","",""
"2019060516","30","5","","1000","","","","","","237","177","10133","10102","","69","1","1","200","0","","","","","","","","",""
"2019060517","30","5","","1000","","","","","","229","178","10132","10101","","73","1","1","200","0","","","","","","","","",""
"2019060518","32","2","","1000","","","","","","236","184","10127","10096","","73","2","2","200","0","","","","","","","","",""
"2019060519","33","4","","1000","","","","","","216","178","10129","10098","","79","2","2","200","0","","","","","","","","",""
"2019060520","25","2","","1000","","","","","","207","180","10132","10101","","85","3","3","200","0","","","","","","","","",""
"2019060521","31","2","","1000","","","","","","205","179","10133","10102","","85","0","","","","","","","","","","","",""
"2019060522","25","2","","1000","","","","","","199","177","10132","10101","","87","1","1","200","0","","","","","","","","",""
"2019060523","27","2","","1000","","","","","","197","177","10132","10100","","88","2","2","200","0","","","","","","","","",""
"2019060524","24","2","","1000","","","","","","193","178","10132","10100","","91","2","2","200","0","","","","","","","","",""
"2019060601","27","3","","1000","","","","","","190","178","10134","10102","","93","2","2","200","0","","","","","","","","",""
"2019060602","26","1","","700","","","","","10","187","170","10126","10094","","90","2","2","200","0","","","","","","","","",""
"2019060603","9","4","","700","","","","","10","187","175","10127","10095","","93","3","3","200","0","","","","","","","","",""
"2019060604","7","4","","600","","","","","10","185","177","10130","10098","","95","3","1","5","7","3","200","0","","","","","",""
"2019060605","11","3","","800","","","","","10","184","172","10123","10091","","93","5","5","200","0","","","","","","","","",""
"2019060606","4","2","","900","","","","","10","185","171","10120","10088","","92","5","5","200","0","","","","","","","","",""
"2019060607","27","6","","700","","","","","10","192","175","10124","10092","","90","5","2","4","7","5","200","0","","","","","",""
"2019060608","27","2","","1000","","","","","","218","189","10126","10095","","84","5","5","200","0","","","","","","","","",""
"2019060609","4","4","","1000","","","","","","225","186","10119","10088","","79","3","1","30","6","3","200","0","","","","","",""
"2019060610","32","4","","1000","","","","","","221","188","10120","10089","","81","4","1","25","6","4","200","1","","","","","",""
"2019060611","30","5","","1000","","","","","","228","191","10113","10082","","80","4","1","25","6","4","200","0","","","","","",""
"2019060612","29","6","","1000","","","","","","227","193","10109","10078","","81","5","5","200","1","","","","","","","","",""
"2019060613","34","4","","1000","","","","","","244","197","10092","10061","","75","7","1","30","6","3","150","3","7","200","0","","",""
"2019060614","1","5","","1000","","","","","","228","189","10081","10050","","79","7","3","40","6","7","120","3","","","","","",""
"2019060615","36","3","","200","","","","","97","229","203","10059","10028","15","85","8","2","10","9","6","30","6","8","100","4","","",""
"2019060616","18","7","","400","","","","","92","214","200","10058","10027","70","92","8","2","8","9","6","25","6","8","80","5","","",""
"2019060617","36","3","","800","","","","","61","218","203","10044","10013","10","91","8","2","10","7","5","30","6","8","80","4","","",""
"2019060618","21","17","29","1000","","","","","60","263","227","10026","9995","0","81","8","1","12","7","5","35","6","8","100","4","","",""
"2019060619","21","22","","1000","","","","","21","265","225","10020","9989","0","79","7","2","15","7","4","30","6","7","100","3","","",""
"2019060620","22","24","37","1000","","","","","60","266","226","10014","9983","0","79","8","2","15","7","5","30","6","8","90","4","","",""
"2019060621","22","24","42","1000","","","","","63","255","228","10011","9980","35","85","8","2","15","7","6","25","6","8","80","5","","",""
"2019060622","22","28","40","1000","","","","","21","253","227","10004","9973","15","85","7","2","15","7","7","80","3","","","","","",""
"2019060623","23","24","","1000","","","","","61","246","225","10011","9980","0","88","8","2","15","7","5","25","6","8","80","4","","",""
"2019060624","24","23","","1000","","","","","60","243","223","10008","9977","5","88","8","2","15","7","5","25","6","8","80","4","","",""
"2019060701","23","20","","1000","","","","","60","243","219","10003","9972","0","86","8","2","15","7","5","25","6","8","80","4","","",""
"2019060702","25","19","","1000","","","","","60","237","218","10002","9971","0","89","8","2","15","7","5","25","6","8","80","4","","",""
"2019060703","25","19","","1000","","","","","21","227","209","10004","9973","0","89","6","4","10","7","6","100","3","","","","","",""
"2019060704","26","21","33","1000","","","","","","216","184","10000","9969","","82","6","4","20","6","6","100","3","","","","","",""
"2019060705","25","23","36","1000","","","","","","205","178","9995","9964","","85","7","4","15","7","7","100","3","","","","","",""
"2019060706","25","20","33","1000","","","","","","200","182","9996","9965","","89","8","4","13","7","8","100","4","","","","","",""
"2019060707","25","21","","600","","","","","60","197","186","10003","9972","0","94","8","4","7","7","6","25","6","8","100","4","","",""
"2019060708","25","18","","1000","","","","","21","197","185","10009","9978","0","93","8","3","8","7","6","25","6","8","100","4","","",""
"2019060709","26","16","","800","","","","","10","187","177","10020","9989","","94","8","3","5","7","6","25","6","8","100","4","","",""
"2019060710","27","15","","1000","","","","","","181","167","10034","10003","","91","8","2","10","7","6","25","6","8","100","4","","",""
"2019060711","27","14","","1000","","","","","","183","165","10040","10009","","90","8","2","10","7","6","25","6","8","100","4","","",""
"2019060712","26","12","","1000","","","","","","184","165","10049","10018","","89","8","2","10","7","6","25","6","8","100","4","","",""
"2019060713","27","11","","1000","","","","","","181","165","10052","10021","","91","8","2","7","7","6","25","6","8","100","4","","",""
"2019060714","27","10","","1000","","","","","","184","167","10055","10024","","90","8","2","8","7","6","30","6","8","100","4","","",""
"2019060715","28","10","","1000","","","","","","183","164","10059","10028","","89","8","2","8","7","6","30","6","8","100","4","","",""
"2019060716","27","11","","1000","","","","","","182","166","10060","10029","","90","8","2","6","7","6","30","6","8","100","4","","",""
"2019060717","27","11","","800","","","","","10","185","165","10063","10032","","88","8","2","9","7","5","30","6","8","100","4","","",""
"2019060718","27","11","","800","","","","","10","183","165","10060","10029","","89","8","2","9","7","5","30","6","8","100","4","","",""
"2019060719","28","10","","800","","","","","10","180","164","10068","10037","","91","8","2","7","7","5","30","6","8","100","4","","",""
"2019060720","29","8","","800","","","","","10","180","165","10070","10039","","91","8","2","8","7","5","30","6","8","100","4","","",""
"2019060721","28","9","","900","","","","","10","180","165","10072","10040","","91","7","4","7","7","7","30","6","","","","","",""
"2019060722","28","8","","800","","","","","10","181","167","10080","10048","","91","7","4","7","7","7","25","6","","","","","",""
"2019060723","28","5","","800","","","","","10","181","167","10086","10054","","91","7","4","8","7","7","25","6","","","","","",""
"2019060724","27","5","","800","","","","","10","179","166","10087","10055","","92","7","4","6","7","7","25","6","","","","","",""
"2019060801","28","4","","700","","","","","10","180","166","10084","10052","","91","7","4","9","7","7","25","6","","","","","",""
"2019060802","32","5","","700","","","","","10","180","164","10087","10055","","91","7","4","8","7","7","25","6","","","","","",""
"2019060803","31","3","","600","","","","","10","177","163","10089","10057","","91","7","7","7","7","","","","","","","","",""
"2019060804","29","2","","500","","","","","10","175","163","10090","10058","","93","7","7","7","7","","","","","","","","",""
"2019060805","32","1","","420","","","","","10","172","163","10087","10055","0","95","7","5","10","7","7","30","6","","","","","",""
"2019060806","13","1","","600","","","","","10","174","165","10091","10059","","95","7","3","8","7","7","35","6","","","","","",""
"2019060807","4","4","","600","","","","","10","179","170","10093","10061","","95","7","4","15","7","7","30","6","","","","","",""
"2019060808","9","12","","800","","","","","10","202","176","10095","10064","","85","6","5","40","6","6","180","0","","","","","",""
"2019060809","8","14","","800","","","","","10","203","173","10095","10064","","83","7","2","10","7","5","40","6","7","180","0","","",""
"2019060810","9","11","","1000","","","","","","219","177","10091","10060","","77","7","5","40","6","7","180","0","","","","","",""
"2019060811","8","15","","1000","","","","","","223","178","10092","10061","","76","7","5","40","6","7","180","0","","","","","",""
"2019060812","7","14","","1000","","","","","","212","176","10087","10056","","80","6","2","10","7","4","40","6","6","120","3","","",""
"2019060813","6","15","","1000","","","","","","213","183","10083","10052","","83","7","2","10","7","5","40","6","7","120","3","","",""
"2019060814","7","15","","1000","","","","","","208","176","10082","10051","","82","7","2","10","7","5","40","6","7","120","3","","",""
"2019060815","6","12","","1000","","","","","","205","181","10081","10050","","86","7","2","10","7","5","35","6","7","120","3","","",""
"2019060816","7","15","","1000","","","","","","207","185","10080","10049","","87","7","2","10","7","5","40","6","7","120","3","","",""
"2019060817","10","12","","1000","","","","","","210","180","10078","10047","","83","7","5","40","6","7","120","3","","","","","",""
"2019060818","10","11","","1000","","","","","","208","180","10076","10045","","84","7","2","10","7","5","40","6","7","120","3","","",""
"2019060819","9","10","","1000","","","","","","208","176","10081","10050","","82","7","2","10","7","5","40","6","7","120","3","","",""
"2019060820","9","12","","1000","","","","","","206","174","10077","10046","","82","7","5","40","6","7","120","3","","","","","",""
"2019060821","10","8","","1000","","","","","","209","166","10080","10049","","77","7","4","40","6","7","80","3","","","","","",""
"2019060822","22","4","","1000","","","","","","204","176","10078","10047","","84","6","2","40","6","6","80","3","","","","","",""
"2019060823","7","5","","1000","","","","","","196","166","10075","10044","","83","5","2","35","6","5","100","3","","","","","",""
"2019060824","16","2","","1000","","","","","","187","166","10070","10039","","88","2","2","35","6","","","","","","","","",""
"2019060901","23","5","","1000","","","","","","180","167","10069","10038","","92","2","2","40","6","","","","","","","","",""
"2019060902","25","1","","900","","","","","10","186","166","10068","10037","","88","0","","","","","","","","","","","",""
"2019060903","5","2","","1000","","","","","","176","161","10068","10036","","91","5","5","200","0","","","","","","","","",""
"2019060904","6","3","","1000","","","","","","173","160","10069","10037","","92","6","6","200","0","","","","","","","","",""
"2019060905","7","7","","1000","","","","","","165","156","10067","10035","","94","6","6","200","0","","","","","","","","",""
"2019060906","9","10","","1000","","","","","","176","163","10067","10035","","92","7","7","200","0","","","","","","","","",""
"2019060907","7","9","","1000","","","","","","185","170","10073","10042","","91","6","6","200","0","","","","","","","","",""
"2019060908","9","12","","1000","","","","","","196","161","10075","10044","","80","6","2","12","7","6","200","0","","","","","",""
"2019060909","7","14","","1000","","","","","","203","160","10069","10038","","76","6","1","25","6","6","200","0","","","","","",""
"2019060910","7","16","","1000","","","","","","209","163","10062","10031","","75","5","1","30","6","5","200","0","","","","","",""
"2019060911","6","15","","1000","","","","","","208","156","10061","10030","","72","6","6","200","0","","","","","","","","",""
"2019060912","7","16","","1000","","","","","","207","159","10061","10030","","74","4","4","200","0","","","","","","","","",""
"2019060913","6","17","","1000","","","","","","206","158","10058","10027","","74","5","5","200","0","","","","","","","","",""
"2019060914","6","14","","1000","","","","","","207","169","10057","10026","","79","6","2","140","3","6","200","0","","","","","",""
"2019060915","6","15","","1000","","","","","","215","159","10052","10021","","71","5","5","200","0","","","","","","","","",""
"2019060916","6","14","","1000","","","","","","213","156","10046","10015","","70","4","4","200","0","","","","","","","","",""
"2019060917","6","15","","1000","","","","","","208","158","10041","10010","","73","3","3","200","0","","","","","","","","",""
"2019060918","8","12","","1000","","","","","","226","140","10036","10005","","58","1","1","200","0","","","","","","","","",""
"2019060919","8","12","","1000","","","","","","213","114","10042","10011","","53","3","3","200","0","","","","","","","","",""
"2019060920","4","3","","1000","","","","","","199","146","10045","10014","","71","6","6","200","0","","","","","","","","",""
"2019060921","31","1","","1000","","","","","","187","155","10056","10025","","82","6","6","200","0","","","","","","","","",""
"2019060922","29","3","","1000","","","","","","188","158","10057","10026","","83","6","6","150","3","","","","","","","","",""
"2019060923","31","4","","1000","","","","","","184","160","10061","10030","","86","6","6","130","3","","","","","","","","",""
"2019060924","13","3","","700","","","","","10","175","157","10061","10029","","89","6","6","130","3","","","","","","","","",""
"2019061001","23","3","","800","","","","","10","170","144","10060","10028","","85","6","6","130","3","","","","","","","","",""
"2019061002","18","2","","1000","","","","","","170","147","10057","10025","","87","6","2","30","6","6","130","3","","","","","",""
"2019061003","10","4","","1000","","","","","","168","136","10055","10023","","82","4","4","180","0","","","","","","","","",""
"2019061004","11","3","","1000","","","","","","165","138","10056","10024","","84","5","2","10","7","5","120","3","","","","","",""
"2019061005","10","7","","1000","","","","","","164","144","10055","10023","","88","5","2","30","6","5","120","3","","","","","",""
"2019061006","9","10","","1000","","","","","","180","155","10055","10024","","85","5","2","30","6","5","120","3","","","","","",""
"2019061007","9","10","","1000","","","","","","191","153","10060","10029","","79","4","2","30","6","4","120","3","","","","","",""
"2019061008","9","14","","1000","","","","","","208","153","10059","10028","","71","4","2","30","6","4","120","3","","","","","",""
"2019061009","9","16","","1000","","","","","","218","152","10055","10024","","66","3","1","30","6","3","100","3","","","","","",""
"2019061010","8","15","","1000","","","","","","229","159","10055","10024","","65","4","4","90","3","","","","","","","","",""
"2019061011","4","12","","1000","","","","","","221","163","10056","10025","","70","1","1","50","6","","","","","","","","",""
"2019061012","6","15","","1000","","","","","","219","167","10058","10027","","72","2","2","35","6","","","","","","","","",""
"2019061013","6","18","","1000","","","","","","207","164","10058","10027","","77","5","5","35","6","","","","","","","","",""
"2019061014","7","17","","1000","","","","","","206","164","10061","10030","","77","6","6","35","6","","","","","","","","",""
"2019061015","6","17","","1000","","","","","","201","164","10060","10029","","79","7","7","35","6","","","","","","","","",""
"2019061016","7","17","","1000","","","","","","203","162","10057","10026","","77","7","7","35","6","","","","","","","","",""
"2019061017","7","13","","1000","","","","","","200","160","10058","10027","","78","7","7","35","6","","","","","","","","",""
"2019061018","12","12","","1000","","","","","","216","131","10057","10026","","59","6","4","35","6","6","80","3","","","","","",""
"2019061019","10","11","","1000","","","","","","210","127","10061","10030","","59","7","5","40","6","7","80","3","","","","","",""
"2019061020","10","8","","1000","","","","","","206","120","10066","10035","","58","7","5","40","6","7","80","3","","","","","",""
"2019061021","7","9","","1000","","","","","","197","130","10073","10042","","65","7","4","40","6","7","100","3","","","","","",""
"2019061022","8","8","","1000","","","","","","189","133","10079","10048","","70","6","3","40","6","6","100","3","","","","","",""
"2019061023","21","4","","1000","","","","","","182","130","10082","10050","","72","5","2","40","6","5","100","3","","","","","",""
"2019061024","25","1","","1000","","","","","","172","135","10079","10047","","79","5","2","40","6","5","100","3","","","","","",""
"2019061101","21","5","","1000","","","","","","167","138","10077","10045","","83","5","2","40","6","5","100","3","","","","","",""
"2019061102","21","2","","1000","","","","","","171","139","10075","10043","","82","5","2","40","6","5","100","3","","","","","",""
"2019061103","18","3","","1000","","","","","","167","141","10077","10045","","85","5","3","30","6","5","100","3","","","","","",""
"2019061104","1","2","","1000","","","","","","176","145","10077","10045","","82","5","3","25","6","5","100","3","","","","","",""
"2019061105","7","4","","1000","","","","","","176","153","10081","10049","","87","6","4","30","6","6","100","3","","","","","",""
"2019061106","6","7","","1000","","","","","","178","155","10085","10053","","87","7","4","30","6","7","100","3","","","","","",""
"2019061107","9","11","","1000","","","","","","187","158","10088","10057","","84","7","5","30","6","7","100","3","","","","","",""
"2019061108","8","11","","1000","","","","","","197","163","10093","10062","","81","7","5","25","6","7","100","3","","","","","",""
"2019061109","7","11","","1000","","","","","","196","157","10096","10065","","78","7","5","20","6","7","80","3","","","","","",""
"2019061110","7","14","","1000","","","","","","197","164","10096","10065","","81","7","5","25","6","7","80","3","","","","","",""
"2019061111","7","16","","1000","","","","","","212","163","10093","10062","","74","6","2","30","6","4","100","3","6","180","0","","",""
"2019061112","6","15","","1000","","","","","","209","163","10091","10060","","75","7","5","50","6","7","180","0","","","","","",""
"2019061113","6","15","","1000","","","","","","206","155","10091","10060","","73","6","4","50","6","6","180","0","","","","","",""
"2019061114","7","16","","1000","","","","","","212","151","10090","10059","","68","3","3","50","6","","","","","","","","",""
"2019061115","6","8","","1000","","","","","","231","144","10088","10057","","58","2","2","30","6","","","","","","","","",""
"2019061116","6","11","","1000","","","","","","212","152","10090","10059","","69","2","2","30","6","","","","","","","","",""
"2019061117","4","7","","1000","","","","","","214","149","10087","10056","","66","3","2","30","6","3","200","0","","","","","",""
"2019061118","4","7","","1000","","","","","","209","143","10088","10057","","66","3","3","40","6","","","","","","","","",""
"2019061119","8","6","","1000","","","","","","207","138","10089","10058","","65","2","2","40","6","","","","","","","","",""
"2019061120","5","3","","1000","","","","","","192","137","10095","10064","","71","2","2","40","6","","","","","","","","",""
"2019061121","5","3","","1000","","","","","","192","142","10102","10071","","73","6","4","40","6","6","120","3","","","","","",""
"2019061122","3","2","","1000","","","","","","197","132","10106","10075","","66","6","6","45","6","","","","","","","","",""
"2019061123","36","3","","1000","","","","","","198","134","10109","10078","","67","6","6","45","6","","","","","","","","",""
"2019061124","26","1","","1000","","","","","","181","144","10112","10080","","79","4","4","120","3","","","","","","","","",""
"2019061201","30","2","","1000","","","","","","181","154","10109","10077","","84","7","7","40","6","","","","","","","","",""
"2019061202","6","2","","1000","","","","","","177","154","10107","10075","","87","4","4","50","6","","","","","","","","",""
"2019061203","6","2","","1000","","","","","","175","161","10109","10077","","91","6","1","6","7","6","30","6","","","","","",""
"2019061204","10","2","","1000","","","","","","173","162","10110","10078","","93","2","2","8","7","","","","","","","","",""
"2019061205","12","3","","1000","","","","","","167","148","10111","10079","","89","1","1","10","7","","","","","","","","",""
"2019061206","19","2","","1000","","","","","","163","143","10113","10081","","88","0","","","","","","","","","","","",""
"2019061207","29","1","","1000","","","","","","188","152","10117","10085","","80","0","","","","","","","","","","","",""
"2019061208","3","3","","1000","","","","","","198","143","10117","10086","","71","0","","","","","","","","","","","",""
"2019061209","2","4","","1000","","","","","","205","149","10119","10088","","71","2","2","200","0","","","","","","","","",""
"2019061210","3","7","","1000","","","","","","205","152","10120","10089","","72","3","3","200","0","","","","","","","","",""
"2019061211","3","8","","1000","","","","","","202","157","10120","10089","","76","3","3","200","0","","","","","","","","",""
"2019061212","4","10","","1000","","","","","","200","167","10118","10087","","81","4","4","200","0","","","","","","","","",""
"2019061213","3","10","","1000","","","","","","205","160","10118","10087","","76","5","5","200","0","","","","","","","","",""
"2019061214","3","7","","1000","","","","","","209","153","10115","10084","","71","5","5","200","0","","","","","","","","",""
"2019061215","4","7","","1000","","","","","","209","152","10111","10080","","70","5","5","200","0","","","","","","","","",""
"2019061216","4","6","","1000","","","","","","203","155","10112","10081","","74","6","6","200","0","","","","","","","","",""
"2019061217","1","5","","1000","","","","","","207","159","10108","10077","","74","6","6","200","0","","","","","","","","",""
"2019061218","32","5","","1000","","","","","","196","159","10109","10078","","79","7","2","35","6","7","180","0","","","","","",""
"2019061219","32","3","","1000","","","","","","195","164","10110","10079","","82","7","3","30","6","7","180","0","","","","","",""
"2019061220","33","2","","1000","","","","","","190","160","10113","10081","","83","7","3","30","6","7","180","0","","","","","",""
"2019061221","26","3","","1000","","","","","","185","160","10117","10085","","85","7","1","30","6","7","200","0","","","","","",""
"2019061222","2","2","","1000","","","","","","183","162","10122","10090","","88","6","2","10","7","6","200","0","","","","","",""
"2019061223","5","3","","1000","","","","","","180","163","10119","10087","","90","5","2","15","7","5","200","0","","","","","",""
"2019061224","3","3","","1000","","","","","","181","168","10119","10087","","92","5","3","15","7","5","200","0","","","","","",""
"2019061301","5","4","","1000","","","","","","179","162","10117","10085","","90","6","1","15","7","6","35","6","","","","","",""
"2019061302","20","1","","1000","","","","","","173","149","10114","10082","","86","5","5","40","6","","","","","","","","",""
"2019061303","13","5","","800","","","","","10","173","150","10112","10080","","86","3","1","10","7","3","40","6","","","","","",""
"2019061304","13","5","","700","","","","","10","167","148","10112","10080","","88","0","","","","","","","","","","","",""
"2019061305","13","5","","1000","","","","","","171","144","10110","10078","","84","0","","","","","","","","","","","",""
"2019061306","11","5","","1000","","","","","","173","142","10114","10082","","82","0","","","","","","","","","","","",""
"2019061307","10","9","","1000","","","","","","190","148","10113","10081","","76","1","1","200","0","","","","","","","","",""
"2019061308","10","9","","1000","","","","","","208","154","10113","10082","","71","2","2","200","0","","","","","","","","",""
"2019061309","9","12","","1000","","","","","","223","160","10114","10083","","67","5","1","18","7","5","200","0","","","","","",""
"2019061310","10","15","","1000","","","","","","227","156","10110","10079","","64","7","2","25","6","7","200","0","","","","","",""
"2019061311","7","16","","1000","","","","","","228","157","10102","10071","","64","7","1","25","6","7","200","0","","","","","",""
"2019061312","6","15","","1000","","","","","","227","166","10106","10075","","69","7","1","25","6","7","200","0","","","","","",""
"2019061313","9","16","","1000","","","","","","246","157","10093","10062","","58","7","1","25","6","7","200","0","","","","","",""
"2019061314","6","18","","1000","","","","","","229","167","10089","10058","","68","7","1","30","6","7","200","0","","","","","",""
"2019061315","6","14","","1000","","","","","","237","168","10082","10051","","65","6","1","30","6","6","200","0","","","","","",""
"2019061316","5","13","","1000","","","","","","240","162","10080","10049","","62","5","5","200","0","","","","","","","","",""
"2019061317","34","4","","1000","","","","","","246","161","10079","10048","","59","6","6","200","0","","","","","","","","",""
"2019061318","25","8","","1000","","","","","","232","164","10080","10049","","65","7","1","150","3","7","200","0","","","","","",""
"2019061319","25","7","","1000","","","","","","224","163","10083","10052","","69","7","1","30","6","7","200","0","","","","","",""
"2019061320","3","3","","1000","","","","","","211","171","10089","10058","","78","7","7","200","0","","","","","","","","",""
"2019061321","34","2","","1000","","","","","","207","169","10091","10060","","79","7","7","200","0","","","","","","","","",""
"2019061322","29","3","","1000","","","","","","202","173","10093","10062","","83","7","7","200","0","","","","","","","","",""
"2019061323","28","1","","1000","","","","","","197","175","10092","10061","","87","7","7","200","0","","","","","","","","",""
"2019061324","4","1","","1000","","","","","","197","174","10088","10057","","87","7","7","200","0","","","","","","","","",""
"2019061401","20","1","","1000","","","","","","195","175","10080","10049","","88","7","7","200","0","","","","","","","","",""
"2019061402","25","1","","1000","","","","","","197","172","10075","10044","","86","7","3","30","6","7","180","0","","","","","",""
"2019061403","8","11","","700","","","","","10","194","183","10065","10034","","93","8","2","10","7","5","30","6","8","120","4","","",""
"2019061404","6","9","","450","","","","","61","194","187","10062","10031","0","96","8","2","10","7","5","25","6","8","100","4","","",""
"2019061405","17","2","","350","","","","","63","194","188","10063","10032","70","96","8","2","10","7","5","25","6","8","80","5","","",""
"2019061406","7","5","","400","","","","","63","194","189","10059","10028","25","97","8","2","5","7","5","25","6","8","70","5","","",""
"2019061407","18","3","","600","","","","","63","191","185","10058","10027","60","97","8","2","5","7","5","25","6","8","70","5","","",""
"2019061408","28","2","","400","","","","","63","192","186","10059","10028","35","96","8","2","9","7","5","25","6","8","70","5","","",""
"2019061409","26","2","","420","","","","","63","194","189","10063","10032","30","97","8","2","10","7","5","25","6","8","80","4","","",""
"2019061410","6","8","","300","","","","","61","198","192","10054","10023","20","96","8","2","8","7","5","25","6","8","80","4","","",""
"2019061411","7","15","","600","","","","","61","206","189","10049","10018","5","90","8","1","15","7","5","30","6","8","80","4","","",""
"2019061412","6","10","","320","","","","","61","197","191","10050","10019","0","97","8","3","2","7","5","20","6","8","80","4","","",""
"2019061413","6","13","","600","","","","","61","190","183","10042","10011","0","96","8","4","5","7","6","25","6","8","80","4","","",""
"2019061414","5","10","","600","","","","","60","190","184","10038","10007","0","96","8","3","7","7","6","25","6","8","80","4","","",""
"2019061415","5","7","","280","","","","","61","188","181","10041","10010","15","96","8","2","8","7","6","20","6","8","70","5","","",""
"2019061416","3","7","","300","","","","","63","187","182","10034","10003","30","97","8","3","4","7","6","20","6","8","70","5","","",""
"2019061417","4","13","","500","","","","","63","185","178","10030","9999","65","96","8","2","6","7","6","25","6","8","60","5","","",""
"2019061418","6","14","","600","","","","","61","186","177","10030","9999","5","95","8","2","7","7","5","25","6","8","70","5","","",""
"2019061419","6","11","","450","","","","","61","187","178","10034","10003","5","95","8","3","8","7","5","25","6","8","70","5","","",""
"2019061420","8","16","","350","","","","","63","174","166","10036","10005","65","95","8","2","8","7","6","25","6","8","70","5","","",""
"2019061421","12","10","","800","","","","","61","174","162","10037","10006","15","93","8","2","10","7","6","30","6","8","80","4","","",""
"2019061422","12","7","","700","","","","","61","180","165","10039","10008","5","91","8","2","10","7","6","30","6","8","100","4","","",""
"2019061423","12","10","","800","","","","","61","179","163","10036","10005","20","90","8","2","10","7","6","30","6","8","100","4","","",""
"2019061424","13","8","","900","","","","","61","180","165","10030","9999","5","91","8","2","10","7","6","30","6","8","100","4","","",""
"2019061501","11","4","","1000","","","","","60","181","165","10029","9998","10","90","8","2","10","7","6","30","6","8","100","4","","",""
"2019061502","11","3","","700","","","","","10","185","172","10026","9995","0","92","8","2","10","7","6","30","6","8","120","4","","",""
"2019061503","32","1","","450","","","","","10","185","175","10023","9992","","94","8","4","5","7","6","30","6","8","120","4","","",""
"2019061504","22","2","","450","","","","","10","184","176","10023","9992","","95","8","4","6","7","6","20","6","8","120","4","","",""
"2019061505","19","6","","500","","","","","10","184","176","10022","9991","","95","8","2","10","7","5","30","6","8","120","4","","",""
"2019061506","25","5","","400","","","","","10","180","171","10029","9998","","95","7","2","10","7","4","30","6","7","180","0","","",""
"2019061507","26","6","","900","","","","","10","184","172","10035","10004","","93","6","3","35","6","6","180","0","","","","","",""
"2019061508","28","5","","1000","","","","","","188","172","10041","10010","","90","6","2","10","7","4","40","6","6","180","0","","",""
"2019061509","28","6","","1000","","","","","","192","170","10042","10011","","87","4","2","40","6","4","180","0","","","","","",""
"2019061510","28","7","","1000","","","","","","203","177","10043","10012","","85","3","1","40","6","3","180","0","","","","","",""
"2019061511","28","8","","1000","","","","","","208","177","10042","10011","","82","3","3","180","0","","","","","","","","",""
"2019061512","29","7","","1000","","","","","","208","175","10040","10009","","81","4","2","25","6","4","180","0","","","","","",""
"2019061513","26","11","","1000","","","","","","211","176","10035","10004","","80","6","2","10","7","4","25","6","6","180","0","","",""
"2019061514","28","9","","1000","","","","","","205","176","10032","10001","","84","7","2","10","7","4","25","6","7","180","0","","",""
"2019061515","29","7","","1000","","","","","","209","183","10028","9997","","85","7","2","10","7","4","25","6","7","180","0","","",""
"2019061516","28","7","","1000","","","","","","210","183","10024","9993","","85","6","2","8","7","4","25","6","6","180","0","","",""
"2019061517","29","8","","1000","","","","","","204","181","10027","9996","","87","7","2","8","7","4","25","6","7","180","0","","",""
"2019061518","28","8","","700","","","","","10","201","183","10027","9996","","89","6","2","6","7","6","25","6","","","","","",""
"2019061519","27","8","","700","","","","","10","199","182","10031","10000","","90","6","2","6","7","6","25","6","","","","","",""
"2019061520","28","6","","500","","","","","10","195","181","10036","10005","","92","6","3","6","7","6","25","6","","","","","",""
"2019061521","30","9","","600","","","","","10","193","178","10047","10016","","91","7","4","8","7","7","20","6","","","","","",""
"2019061522","30","6","","700","","","","","10","190","174","10054","10023","","90","6","4","10","7","6","20","6","","","","","",""
"2019061523","26","7","","800","","","","","10","189","172","10060","10029","","90","5","2","13","7","5","30","6","","","","","",""
"2019061524","26","7","","700","","","","","10","185","169","10061","10030","","90","5","3","12","7","5","30","6","","","","","",""
"2019061601","24","7","","700","","","","","10","179","164","10060","10029","","91","5","2","15","7","5","30","6","","","","","",""
"2019061602","24","7","","1000","","","","","","176","160","10059","10027","","90","1","1","15","7","","","","","","","","",""
"2019061603","23","10","","1000","","","","","","178","157","10058","10027","","88","0","","","","","","","","","","","",""
"2019061604","23","8","","1000","","","","","","175","158","10061","10029","","90","0","","","","","","","","","","","",""
"2019061605","25","7","","1000","","","","","","175","158","10067","10035","","90","2","2","12","7","","","","","","","","",""
"2019061606","23","8","","1000","","","","","","178","162","10070","10038","","90","2","2","200","0","","","","","","","","",""
"2019061607","24","6","","1000","","","","","","193","168","10076","10045","","86","3","1","15","7","3","180","0","","","","","",""
"2019061608","28","6","","1000","","","","","","203","170","10081","10050","","82","1","1","15","7","","","","","","","","",""
"2019061609","28","5","","1000","","","","","","205","170","10087","10056","","80","2","2","25","6","","","","","","","","",""
"2019061610","27","8","","1000","","","","","","211","175","10092","10061","","80","3","3","25","6","","","","","","","","",""
"2019061611","27","7","","1000","","","","","","208","173","10094","10063","","80","5","3","25","6","5","180","0","","","","","",""
"2019061612","29","5","","1000","","","","","","211","165","10095","10064","","75","6","3","25","6","6","180","0","","","","","",""
"2019061613","28","6","","1000","","","","","","213","174","10095","10064","","78","6","2","25","6","6","180","0","","","","","",""
"2019061614","28","7","","1000","","","","","","210","173","10096","10065","","80","7","2","25","6","7","180","0","","","","","",""
"2019061615","27","7","","1000","","","","","","210","172","10099","10068","","79","7","2","25","6","7","180","0","","","","","",""
"2019061616","29","5","","1000","","","","","","210","170","10100","10069","","78","7","2","25","6","7","180","0","","","","","",""
"2019061617","28","6","","1000","","","","","","205","171","10100","10069","","81","6","2","25","6","6","180","0","","","","","",""
"2019061618","30","5","","1000","","","","","","203","171","10102","10071","","82","5","2","20","8","5","180","0","","","","","",""
"2019061619","28","6","","1000","","","","","","198","169","10110","10079","","83","5","2","20","8","5","180","0","","","","","",""
"2019061620","27","4","","1000","","","","","","192","169","10110","10079","","86","5","2","15","7","5","180","0","","","","","",""
"2019061621","25","4","","1000","","","","","","183","163","10116","10084","","88","6","1","15","7","6","200","0","","","","","",""
"2019061622","21","4","","1000","","","","","","178","162","10123","10091","","90","7","2","15","7","7","200","0","","","","","",""
"2019061623","22","5","","1000","","","","","","171","146","10126","10094","","85","6","6","200","0","","","","","","","","",""
"2019061624","21","6","","1000","","","","","","174","152","10128","10096","","87","6","6","200","0","","","","","","","","",""
"2019061701","21","5","","1000","","","","","","171","147","10126","10094","","86","6","6","200","0","","","","","","","","",""
"2019061702","22","5","","1000","","","","","","166","137","10125","10093","","83","6","6","200","0","","","","","","","","",""
"2019061703","20","4","","1000","","","","","","169","138","10125","10093","","82","7","7","200","0","","","","","","","","",""
"2019061704","19","4","","1000","","","","","","169","140","10125","10093","","83","7","7","200","0","","","","","","","","",""
"2019061705","18","3","","1000","","","","","","170","136","10130","10098","","80","6","6","200","0","","","","","","","","",""
"2019061706","19","3","","1000","","","","","","173","144","10136","10104","","83","7","1","12","7","3","140","3","7","200","0","","",""
"2019061707","18","1","","1000","","","","","","187","160","10138","10106","","84","7","5","140","3","7","200","0","","","","","",""
"2019061708","32","1","","1000","","","","","","195","169","10140","10108","","85","7","4","150","3","7","200","0","","","","","",""
"2019061709","36","3","","1000","","","","","","202","171","10140","10109","","82","7","7","200","0","","","","","","","","",""
"2019061710","33","4","","1000","","","","","","210","166","10143","10112","","76","3","3","200","0","","","","","","","","",""
"2019061711","3","5","","1000","","","","","","206","168","10142","10111","","79","2","2","200","0","","","","","","","","",""
"2019061712","35","5","","1000","","","","","","215","172","10142","10111","","76","2","2","200","0","","","","","","","","",""
"2019061713","2","5","","1000","","","","","","216","174","10139","10108","","77","2","2","200","0","","","","","","","","",""
"2019061714","1","4","","1000","","","","","","221","179","10137","10106","","77","2","2","200","0","","","","","","","","",""
"2019061715","3","5","","1000","","","","","","219","178","10131","10100","","78","0","","","","","","","","","","","",""
"2019061716","4","5","","1000","","","","","","219","183","10130","10099","","80","0","","","","","","","","","","","",""
"2019061717","4","5","","1000","","","","","","214","177","10129","10098","","80","4","4","200","0","","","","","","","","",""
"2019061718","4","3","","1000","","","","","","216","175","10127","10096","","78","6","6","200","0","","","","","","","","",""
"2019061719","2","2","","1000","","","","","","215","169","10129","10098","","75","6","6","200","0","","","","","","","","",""
"2019061720","7","5","","1000","","","","","","204","171","10130","10099","","81","6","6","200","0","","","","","","","","",""
"2019061721","36","1","","1000","","","","","","205","172","10138","10107","","81","6","6","200","0","","","","","","","","",""
"2019061722","2","1","","1000","","","","","","204","166","10140","10109","","79","6","6","200","0","","","","","","","","",""
"2019061723","29","2","","1000","","","","","","204","168","10139","10108","","80","7","7","200","0","","","","","","","","",""
"2019061724","24","1","","1000","","","","","","197","169","10136","10104","","84","7","7","200","0","","","","","","","","",""
"2019061801","0","0","","1000","","","","","","199","164","10134","10103","","80","7","7","180","0","","","","","","","","",""
"2019061802","19","2","","1000","","","","","","205","168","10126","10095","","80","7","7","180","0","","","","","","","","",""
"2019061803","5","4","","1000","","","","","","206","167","10128","10097","","78","7","7","150","3","","","","","","","","",""
"2019061804","20","5","","1000","","","","","","203","170","10125","10094","","81","7","2","40","6","7","150","3","","","","","",""
"2019061805","16","1","","1000","","","","","","206","166","10126","10095","","78","7","2","40","6","7","110","3","","","","","",""
"2019061806","28","3","","1000","","","","","","204","175","10125","10094","","84","8","2","40","6","8","110","4","","","","","",""
"2019061807","26","8","","1000","","","","","","224","162","10124","10093","","68","8","2","40","6","8","110","4","","","","","",""
"2019061808","27","10","","700","","","","","60","215","178","10133","10102","0","80","8","4","40","6","8","100","4","","","","","",""
"2019061809","28","5","","700","","","","","61","209","183","10128","10097","0","85","8","4","40","6","8","80","4","","","","","",""
"2019061810","28","3","","700","","","","","51","208","188","10131","10100","0","88","8","4","40","6","8","100","4","","","","","",""
"2019061811","7","2","","350","","","","","51","211","188","10127","10096","5","87","8","4","40","6","8","100","4","","","","","",""
"2019061812","5","1","","700","","","","","61","217","188","10125","10094","10","84","8","2","20","6","8","40","6","","","","","",""
"2019061813","4","6","","600","","","","","10","207","189","10117","10086","0","90","8","4","40","6","8","100","4","","","","","",""
"2019061814","5","7","","700","","","","","10","208","190","10114","10083","","90","8","4","40","6","8","100","4","","","","","",""
"2019061815","1","5","","450","","","","","10","210","193","10111","10080","0","90","8","5","25","6","8","100","4","","","","","",""
"2019061816","36","4","","700","","","","","10","211","190","10106","10075","","88","8","5","10","7","8","100","4","","","","","",""
"2019061817","32","4","","600","","","","","10","211","188","10101","10070","","87","8","3","7","7","6","40","6","8","100","4","","",""
"2019061818","34","3","","600","","","","","10","208","189","10096","10065","","89","8","3","7","7","6","40","6","8","100","4","","",""
"2019061819","33","3","","600","","","","","10","205","189","10098","10067","","91","8","3","7","7","6","40","6","8","100","4","","",""
"2019061820","4","3","","500","","","","","10","203","190","10101","10070","","92","8","3","7","7","6","40","6","8","100","4","","",""
"2019061821","4","2","","400","","","","","10","203","189","10103","10072","","92","8","3","10","7","5","30","6","8","100","4","","",""
"2019061822","30","3","","330","","","","","10","202","191","10100","10069","","93","8","3","10","7","5","30","6","8","100","4","","",""
"2019061823","21","5","","400","","","","","10","201","187","10100","10069","","92","8","2","10","7","5","25","6","8","100","4","","",""
"2019061824","19","4","","500","","","","","10","203","183","10094","10063","","88","8","1","10","7","5","30","6","8","100","4","","",""
"2019061901","27","3","","500","","","","","10","202","183","10086","10055","","89","8","1","10","7","5","30","6","8","100","4","","",""
"2019061902","25","4","","500","","","","","10","198","182","10078","10047","","90","7","1","10","7","5","30","6","7","160","0","","",""
"2019061903","21","2","","500","","","","","10","197","183","10076","10045","","92","7","2","10","7","5","30","6","7","180","0","","",""
"2019061904","20","1","","500","","","","","10","198","182","10075","10044","","90","7","2","10","7","5","30","6","7","180","0","","",""
"2019061905","22","1","","600","","","","","10","197","181","10073","10042","","90","6","4","25","6","6","100","3","","","","","",""
"2019061906","3","3","","500","","","","","10","192","180","10074","10043","","93","4","2","10","7","4","180","0","","","","","",""
"2019061907","5","4","","600","","","","","10","200","187","10071","10040","","92","4","2","8","7","4","180","0","","","","","",""
"2019061908","6","8","","600","","","","","10","207","189","10077","10046","","89","4","2","25","6","4","180","0","","","","","",""
"2019061909","7","15","","700","","","","","10","213","196","10076","10045","","90","6","2","15","7","4","25","6","6","180","0","","",""
"2019061910","6","11","","600","","","","","10","207","191","10075","10044","","91","7","4","5","7","5","20","6","7","180","0","","",""
"2019061911","6","13","","900","","","","","10","220","189","10073","10042","","83","3","2","25","6","3","200","0","","","","","",""
"2019061912","4","10","","1000","","","","","","222","186","10074","10043","","80","5","2","30","6","5","200","0","","","","","",""
"2019061913","3","10","","1000","","","","","","220","193","10074","10043","","85","4","4","200","0","","","","","","","","",""
"2019061914","3","8","","1000","","","","","","220","188","10075","10044","","82","5","5","200","0","","","","","","","","",""
"2019061915","3","8","","1000","","","","","","225","178","10068","10037","","75","6","6","200","0","","","","","","","","",""
"2019061916","35","7","","1000","","","","","","221","183","10070","10039","","79","6","6","200","0","","","","","","","","",""
"2019061917","32","5","","1000","","","","","","219","176","10072","10041","","76","6","6","200","0","","","","","","","","",""
"2019061918","32","6","","1000","","","","","","215","184","10069","10038","","82","5","5","200","0","","","","","","","","",""
"2019061919","30","3","","800","","","","","10","213","186","10067","10036","","85","5","5","200","0","","","","","","","","",""
"2019061920","30","2","","600","","","","","10","207","191","10073","10042","","91","5","5","200","0","","","","","","","","",""
"2019061921","21","4","","450","","","","","10","203","188","10076","10045","","91","0","","","","","","","","","","","",""
"2019061922","20","5","","500","","","","","10","204","180","10081","10050","","86","0","","","","","","","","","","","",""
"2019061923","20","4","","600","","","","","10","201","177","10082","10051","","86","0","","","","","","","","","","","",""
"2019061924","21","4","","800","","","","","10","200","169","10083","10052","","82","0","","","","","","","","","","","",""
"2019062001","20","4","","900","","","","","10","200","164","10079","10048","","80","0","","","","","","","","","","","",""
"2019062002","19","4","","1000","","","","","","199","163","10077","10046","","80","0","","","","","","","","","","","",""
"2019062003","26","3","","700","","","","","10","184","159","10078","10047","","85","0","","","","","","","","","","","",""
"2019062004","21","3","","600","","","","","10","188","171","10081","10050","","90","0","","","","","","","","","","","",""
"2019062005","14","2","","600","","","","","10","187","169","10080","10049","","89","0","","","","","","","","","","","",""
"2019062006","21","3","","800","","","","","10","185","167","10083","10052","","89","1","1","200","0","","","","","","","","",""
"2019062007","34","1","","800","","","","","10","210","179","10084","10053","","83","0","","","","","","","","","","","",""
"2019062008","2","3","","1000","","","","","","219","181","10086","10055","","79","1","1","200","0","","","","","","","","",""
"2019062009","1","5","","1000","","","","","","217","179","10084","10053","","79","4","4","200","0","","","","","","","","",""
"2019062010","2","5","","900","","","","","10","215","187","10083","10052","","84","5","5","200","0","","","","","","","","",""
"2019062011","2","4","","900","","","","","10","223","188","10084","10053","","81","5","5","200","0","","","","","","","","",""
"2019062012","1","5","","900","","","","","10","222","190","10083","10052","","82","5","5","200","0","","","","","","","","",""
"2019062013","31","5","","800","","","","","10","225","190","10081","10050","","81","7","2","40","6","7","180","0","","","","","",""
"2019062014","33","5","","800","","","","","10","229","187","10076","10045","","77","7","2","40","6","7","180","0","","","","","",""
"2019062015","33","4","","700","","","","","10","224","197","10076","10045","","85","7","7","180","0","","","","","","","","",""
"2019062016","31","4","","700","","","","","10","223","199","10075","10044","","86","7","7","200","0","","","","","","","","",""
"2019062017","32","3","","800","","","","","10","222","192","10073","10042","","83","7","7","200","0","","","","","","","","",""
"2019062018","32","3","","800","","","","","10","221","196","10071","10040","","86","7","7","200","0","","","","","","","","",""
"2019062019","32","3","","700","","","","","10","215","198","10073","10042","","90","6","6","200","0","","","","","","","","",""
"2019062020","30","2","","700","","","","","10","212","197","10078","10047","","91","7","7","200","0","","","","","","","","",""
"2019062021","36","2","","600","","","","","10","210","192","10082","10051","","90","7","7","200","0","","","","","","","","",""
"2019062022","35","1","","600","","","","","10","207","191","10085","10054","","90","7","7","200","0","","","","","","","","",""
"2019062023","1","2","","600","","","","","10","208","190","10082","10051","","89","7","7","200","0","","","","","","","","",""
"2019062024","17","2","","700","","","","","10","205","191","10080","10049","","92","7","7","200","0","","","","","","","","",""
"2019062101","5","3","","500","","","","","10","203","189","10073","10042","","92","7","7","200","0","","","","","","","","",""
"2019062102","22","2","","400","","","","","10","197","186","10068","10037","","93","7","7","200","0","","","","","","","","",""
"2019062103","7","1","","350","","","","","10","195","181","10066","10035","","92","5","2","30","6","5","200","0","","","","","",""
"2019062104","21","1","","350","","","","","10","193","179","10068","10037","","92","4","2","30","6","4","200","0","","","","","",""
"2019062105","17","3","","500","","","","","10","194","168","10064","10033","","85","4","2","30","6","4","200","0","","","","","",""
"2019062106","32","3","","500","","","","","10","193","171","10064","10033","","87","4","2","30","6","4","200","0","","","","","",""
"2019062107","3","1","","600","","","","","10","212","186","10066","10035","","85","3","3","200","0","","","","","","","","",""
"2019062108","3","3","","700","","","","","10","225","180","10067","10036","","76","2","2","200","0","","","","","","","","",""
"2019062109","3","5","","1000","","","","","","239","168","10065","10034","","65","3","3","200","0","","","","","","","","",""
"2019062110","1","7","","700","","","","","10","223","198","10063","10032","","86","1","1","200","0","","","","","","","","",""
"2019062111","36","4","","700","","","","","10","222","195","10067","10036","","85","6","4","40","6","6","200","0","","","","","",""
"2019062112","36","4","","800","","","","","10","244","175","10060","10029","","65","5","2","40","6","5","200","0","","","","","",""
"2019062113","31","4","","800","","","","","10","240","186","10058","10027","","72","7","3","40","6","7","180","0","","","","","",""
"2019062114","32","5","","1000","","","","","","244","179","10056","10025","","67","7","4","35","6","7","180","0","","","","","",""
"2019062115","33","7","","800","","","","","10","237","195","10053","10022","","77","7","2","40","6","7","180","0","","","","","",""
"2019062116","32","7","","900","","","","","10","235","197","10053","10022","","79","3","3","200","0","","","","","","","","",""
"2019062117","33","4","","1000","","","","","","228","183","10056","10025","","76","3","1","35","6","3","200","0","","","","","",""
"2019062118","33","5","","1000","","","","","","226","192","10057","10026","","81","4","2","40","6","4","200","0","","","","","",""
"2019062119","26","4","","1000","","","","","","218","190","10055","10024","","84","2","2","200","0","","","","","","","","",""
"2019062120","27","5","","1000","","","","","","212","189","10057","10026","","87","1","1","200","0","","","","","","","","",""
"2019062121","27","4","","1000","","","","","","209","188","10062","10031","","88","1","1","200","0","","","","","","","","",""
"2019062122","24","3","","1000","","","","","","204","186","10067","10036","","90","0","","","","","","","","","","","",""
"2019062123","24","4","","1000","","","","","","200","178","10068","10037","","87","0","","","","","","","","","","","",""
"2019062124","26","3","","1000","","","","","","195","178","10069","10038","","90","0","","","","","","","","","","","",""
"2019062201","22","2","","900","","","","","10","195","178","10064","10033","","90","0","","","","","","","","","","","",""
"2019062202","18","1","","700","","","","","10","190","173","10061","10030","","90","0","","","","","","","","","","","",""
"2019062203","23","1","","900","","","","","10","187","172","10056","10025","","91","0","","","","","","","","","","","",""
"2019062204","27","1","","900","","","","","10","184","169","10058","10027","","91","0","","","","","","","","","","","",""
"2019062205","22","1","","900","","","","","10","182","166","10062","10031","","90","4","2","10","7","4","200","0","","","","","",""
"2019062206","33","1","","900","","","","","10","195","180","10063","10032","","91","7","4","12","7","7","25","6","","","","","",""
"2019062207","26","2","","900","","","","","10","201","181","10063","10032","","88","7","4","13","7","7","25","6","","","","","",""
"2019062208","7","2","","1000","","","","","","211","179","10065","10034","","82","6","2","15","7","4","30","6","6","200","0","","",""
"2019062209","1","5","","1000","","","","","","210","182","10065","10034","","84","3","1","15","7","3","200","0","","","","","",""
"2019062210","4","7","","1000","","","","","","217","189","10064","10033","","84","2","2","200","0","","","","","","","","",""
"2019062211","4","9","","1000","","","","","","221","188","10065","10034","","82","5","1","10","7","5","200","0","","","","","",""
"2019062212","6","13","","800","","","","","10","230","202","10061","10030","","84","7","3","30","6","5","130","3","7","200","0","","",""
"2019062213","7","18","","900","","","","","10","234","201","10056","10025","","82","7","5","40","6","7","120","3","","","","","",""
"2019062214","6","19","","900","","","","","10","234","200","10053","10022","","81","7","5","45","6","7","130","3","","","","","",""
"2019062215","7","18","","900","","","","","10","234","201","10053","10022","","82","7","2","45","6","7","200","0","","","","","",""
"2019062216","6","17","","1000","","","","","","229","195","10053","10022","","81","7","2","40","6","7","200","0","","","","","",""
"2019062217","7","14","","1000","","","","","","228","193","10053","10022","","81","7","7","35","6","","","","","","","","",""
"2019062218","9","9","","1000","","","","","","238","190","10056","10025","","75","7","5","35","6","7","70","3","","","","","",""
"2019062219","7","9","","1000","","","","","","223","190","10062","10031","","82","7","3","40","6","5","70","3","7","180","0","","",""
"2019062220","6","7","","1000","","","","","","219","186","10066","10035","","81","5","5","35","6","","","","","","","","",""
"2019062221","7","9","","1000","","","","","","211","189","10072","10041","","88","7","7","30","6","","","","","","","","",""
"2019062222","9","9","","1000","","","","","","213","185","10077","10046","","84","7","7","50","6","","","","","","","","",""
"2019062223","8","10","","1000","","","","","","211","184","10079","10048","","85","6","6","40","6","","","","","","","","",""
"2019062224","8","10","","1000","","","","","","205","183","10076","10045","","87","6","6","40","6","","","","","","","","",""
"2019062301","9","9","","1000","","","","","","201","175","10070","10039","","85","6","6","40","6","","","","","","","","",""
"2019062302","8","10","","1000","","","","","","195","173","10066","10035","","87","6","6","40","6","","","","","","","","",""
"2019062303","9","8","","1000","","","","","","197","151","10066","10035","","75","5","5","40","6","","","","","","","","",""
"2019062304","8","12","","1000","","","","","","196","169","10068","10037","","84","2","2","40","6","","","","","","","","",""
"2019062305","10","9","","1000","","","","","","195","162","10071","10040","","81","2","2","40","6","","","","","","","","",""
"2019062306","10","9","","1000","","","","","","197","163","10075","10044","","81","0","","","","","","","","","","","",""
"2019062307","9","10","","1000","","","","","","208","168","10078","10047","","78","0","","","","","","","","","","","",""
"2019062308","9","12","","1000","","","","","","213","170","10081","10050","","77","3","3","25","6","","","","","","","","",""
"2019062309","6","12","","1000","","","","","","213","178","10083","10052","","80","7","4","25","6","7","110","3","","","","","",""
"2019062310","7","13","","1000","","","","","","216","178","10084","10053","","79","7","5","25","6","7","100","3","","","","","",""
"2019062311","7","12","","1000","","","","","","212","179","10086","10055","","82","7","5","25","6","7","100","3","","","","","",""
"2019062312","7","11","","1000","","","","","","221","180","10087","10056","","77","7","5","25","6","7","100","3","","","","","",""
"2019062313","6","12","","1000","","","","","","227","172","10087","10056","","71","7","5","25","6","7","100","3","","","","","",""
"2019062314","7","15","","1000","","","","","","224","178","10088","10057","","75","6","4","25","6","6","100","3","","","","","",""
"2019062315","7","15","","1000","","","","","","224","177","10086","10055","","75","4","2","25","6","4","180","0","","","","","",""
"2019062316","6","10","","1000","","","","","","232","178","10086","10055","","72","4","2","25","6","4","180","0","","","","","",""
"2019062317","5","9","","1000","","","","","","220","179","10086","10055","","78","2","2","200","0","","","","","","","","",""
"2019062318","5","8","","1000","","","","","","218","182","10089","10058","","80","2","2","200","0","","","","","","","","",""
"2019062319","6","9","","1000","","","","","","206","178","10092","10061","","84","2","2","200","0","","","","","","","","",""
"2019062320","6","8","","1000","","","","","","198","178","10098","10067","","88","4","4","200","0","","","","","","","","",""
"2019062321","8","4","","1000","","","","","","201","168","10104","10073","","81","3","3","50","6","","","","","","","","",""
"2019062322","10","8","","1000","","","","","","199","175","10111","10080","","86","1","1","50","6","","","","","","","","",""
"2019062323","9","5","","1000","","","","","","194","164","10111","10080","","83","0","","","","","","","","","","","",""
"2019062324","6","4","","1000","","","","","","184","164","10113","10081","","88","0","","","","","","","","","","","",""
"2019062401","10","5","","1000","","","","","","186","150","10111","10079","","80","0","","","","","","","","","","","",""
"2019062402","9","5","","1000","","","","","","178","142","10112","10080","","80","2","2","30","6","","","","","","","","",""
"2019062403","28","3","","1000","","","","","","174","143","10117","10085","","82","2","2","25","6","","","","","","","","",""
"2019062404","0","0","","1000","","","","","","169","145","10121","10089","","86","2","2","25","6","","","","","","","","",""
"2019062405","10","4","","1000","","","","","","174","147","10125","10093","","84","2","2","25","6","","","","","","","","",""
"2019062406","27","2","","1000","","","","","","172","148","10129","10097","","86","1","1","40","6","","","","","","","","",""
"2019062407","30","1","","1000","","","","","","189","161","10135","10103","","84","6","6","20","6","","","","","","","","",""
"2019062408","30","2","","1000","","","","","","201","160","10136","10105","","77","5","5","25","6","","","","","","","","",""
"2019062409","35","4","","1000","","","","","","215","157","10138","10107","","69","2","2","200","0","","","","","","","","",""
"2019062410","4","7","","1000","","","","","","222","155","10140","10109","","66","2","2","200","0","","","","","","","","",""
"2019062411","4","9","","1000","","","","","","225","166","10138","10107","","70","2","2","200","0","","","","","","","","",""
"2019062412","4","9","","1000","","","","","","229","182","10138","10107","","75","2","2","200","0","","","","","","","","",""
"2019062413","3","9","","1000","","","","","","221","181","10136","10105","","78","2","2","200","0","","","","","","","","",""
"2019062414","4","8","","1000","","","","","","225","183","10134","10103","","77","2","2","200","0","","","","","","","","",""
"2019062415","3","9","","1000","","","","","","224","174","10133","10102","","73","2","2","200","0","","","","","","","","",""
"2019062416","3","8","","1000","","","","","","224","178","10133","10102","","75","3","3","200","0","","","","","","","","",""
"2019062417","3","5","","1000","","","","","","221","180","10133","10102","","78","4","4","200","0","","","","","","","","",""
"2019062418","4","4","","1000","","","","","","219","175","10138","10107","","76","3","3","200","0","","","","","","","","",""
"2019062419","2","5","","1000","","","","","","216","177","10144","10113","","79","3","3","200","0","","","","","","","","",""
"2019062420","30","4","","1000","","","","","","212","177","10150","10119","","81","4","2","30","6","4","200","0","","","","","",""
"2019062421","27","4","","1000","","","","","","202","178","10156","10124","","86","0","","","","","","","","","","","",""
"2019062422","27","2","","1000","","","","","","205","176","10161","10129","","83","0","","","","","","","","","","","",""
"2019062423","23","3","","1000","","","","","","199","170","10165","10133","","84","1","1","30","6","","","","","","","","",""
"2019062424","21","1","","800","","","","","10","200","174","10161","10129","","85","1","1","16","7","","","","","","","","",""
"2019062501","14","2","","800","","","","","10","197","172","10157","10125","","86","0","","","","","","","","","","","",""
"2019062502","10","3","","700","","","","","10","194","170","10154","10122","","86","0","","","","","","","","","","","",""
"2019062503","11","6","","700","","","","","10","190","171","10151","10119","","89","1","1","8","7","","","","","","","","",""
"2019062504","7","7","","320","","","","","10","185","175","10147","10115","","94","0","","","","","","","","","","","",""
"2019062505","9","12","","900","","","","","10","196","179","10147","10115","","90","1","1","15","7","","","","","","","","",""
"2019062506","9","14","","1000","","","","","","202","176","10143","10112","","85","3","1","30","6","3","200","0","","","","","",""
"2019062507","9","13","","1000","","","","","","218","167","10146","10115","","73","3","3","200","0","","","","","","","","",""
"2019062508","9","14","","1000","","","","","","237","165","10147","10116","","64","4","4","200","0","","","","","","","","",""
"2019062509","9","17","","1000","","","","","","246","163","10143","10112","","60","6","6","200","0","","","","","","","","",""
"2019062510","9","17","","1000","","","","","","258","150","10143","10112","","51","6","6","200","0","","","","","","","","",""
"2019062511","9","17","","1000","","","","","","258","141","10144","10113","","48","6","6","200","0","","","","","","","","",""
"2019062512","9","19","","1000","","","","","","283","135","10139","10108","","40","6","6","200","0","","","","","","","","",""
"2019062513","9","14","","1000","","","","","","281","148","10139","10108","","44","6","6","200","0","","","","","","","","",""
"2019062514","8","14","","1000","","","","","","264","172","10132","10101","","57","5","5","200","0","","","","","","","","",""
"2019062515","9","21","","1000","","","","","","280","156","10120","10089","","47","5","5","200","0","","","","","","","","",""
"2019062516","10","21","","1000","","","","","","282","150","10117","10086","","45","4","4","200","0","","","","","","","","",""
"2019062517","11","18","","1000","","","","","","274","147","10117","10086","","46","6","6","200","0","","","","","","","","",""
"2019062518","10","18","","1000","","","","","","267","145","10118","10087","","47","5","5","200","0","","","","","","","","",""
"2019062519","21","5","","1000","","","","","","256","166","10128","10097","","58","7","2","150","3","7","200","0","","","","","",""
"2019062520","7","2","","1000","","","","","","245","157","10132","10101","","58","7","2","150","3","7","200","0","","","","","",""
"2019062521","11","3","","1000","","","","","","240","157","10131","10100","","60","7","2","150","3","7","200","0","","","","","",""
"2019062522","10","5","","1000","","","","","","227","165","10128","10097","","68","7","2","150","3","7","200","0","","","","","",""
"2019062523","11","9","","1000","","","","","","234","159","10127","10096","","63","7","7","120","3","","","","","","","","",""
"2019062524","14","11","","1000","","","","","","242","154","10122","10091","","58","8","4","30","6","8","100","4","","","","","",""
"2019062601","9","10","","700","","","","","60","232","180","10111","10080","0","73","8","5","30","6","8","100","4","","","","","",""
"2019062602","9","17","","350","","","","","95","208","187","10102","10071","50","88","8","3","10","9","6","25","6","8","80","5","","",""
"2019062603","9","22","","400","","","","","95","204","192","10089","10058","30","93","8","3","10","9","6","25","6","8","80","5","","",""
"2019062604","8","19","","250","","","","","95","198","193","10088","10057","35","97","8","3","10","9","6","25","6","8","80","5","","",""
"2019062605","7","17","","250","","","","","95","200","194","10091","10060","15","96","8","2","10","9","6","25","6","8","80","5","","",""
"2019062606","8","13","","500","","","","","91","206","203","10086","10055","5","98","8","3","10","7","6","25","6","8","80","5","","",""
"2019062607","6","11","","250","","","","","61","203","201","10087","10056","20","99","8","4","1","7","6","25","6","8","80","5","","",""
"2019062608","6","14","","130","200","200","","","92","204","202","10086","10055","30","99","8","4","1","7","6","25","6","8","80","5","","",""
"2019062609","6","13","","150","","","","","65","205","203","10081","10050","130","99","8","4","1","7","6","20","6","8","60","5","","",""
"2019062610","8","8","","200","","","","","65","206","205","10084","10053","175","99","8","4","2","7","6","20","6","8","60","5","","",""
"2019062611","8","6","","200","","","","","65","204","203","10080","10049","155","99","8","4","2","7","6","20","6","8","60","5","","",""
"2019062612","4","3","","500","","","","","63","207","206","10073","10042","75","99","8","4","5","7","6","25","6","8","80","5","","",""
"2019062613","18","2","","500","","","","","61","216","215","10063","10032","15","99","8","2","10","7","6","30","6","8","80","5","","",""
"2019062614","5","4","","1000","","","","","61","228","226","10055","10024","20","99","8","2","3","7","6","20","6","8","80","5","","",""
"2019062615","30","3","","220","","","","","61","225","222","10048","10017","0","98","8","4","1","7","6","25","6","8","80","5","","",""
"2019062616","28","2","","1000","","","","","21","236","233","10042","10011","0","98","8","4","14","7","6","25","6","8","80","4","","",""
"2019062617","35","3","","1000","","","","","","235","224","10036","10005","","94","7","2","10","7","5","25","6","7","200","0","","",""
"2019062618","9","4","","1000","","","","","","247","234","10038","10007","","93","8","6","20","6","8","80","4","","","","","",""
"2019062619","6","4","","350","","","","","63","236","227","10039","10008","55","95","8","3","10","7","6","20","6","8","80","5","","",""
"2019062620","8","4","","350","","","","","63","227","223","10040","10009","75","97","8","3","3","7","6","20","6","8","80","5","","",""
"2019062621","13","5","","700","","","","","10","230","226","10040","10009","5","98","8","3","6","7","6","20","6","8","80","4","","",""
"2019062622","10","5","","1000","","","","","","233","228","10041","10010","","97","8","2","6","7","5","20","6","8","100","4","","",""
"2019062623","10","5","","1000","","","","","","232","226","10035","10004","","97","8","2","9","7","5","25","6","8","100","4","","",""
"2019062624","30","5","","1000","","","","","","221","216","10030","9999","","97","8","2","9","7","5","25","6","8","100","4","","",""
"2019062701","28","5","","1000","","","","","","224","220","10024","9993","","97","8","2","6","7","5","25","6","8","100","4","","",""
"2019062702","27","4","","1000","","","","","","224","220","10016","9985","","98","8","2","6","7","5","25","6","8","100","4","","",""
"2019062703","14","3","","1000","","","","","","223","219","10007","9976","","97","6","3","30","6","6","100","3","","","","","",""
"2019062704","3","3","","1000","","","","","","224","220","10008","9977","","98","6","2","4","7","4","30","6","6","100","3","","",""
"2019062705","25","1","","600","","","","","60","225","221","10012","9981","0","98","8","2","3","7","5","30","6","8","100","4","","",""
"2019062706","26","5","","500","","","","","10","226","223","10010","9979","5","98","8","3","4","7","6","30","6","8","100","4","","",""
"2019062707","26","8","","600","","","","","10","224","221","10012","9981","","98","8","3","4","7","6","30","6","8","100","4","","",""
"2019062708","27","6","","350","","","","","10","222","220","10019","9988","","99","8","4","2","7","6","30","6","8","100","4","","",""
"2019062709","28","6","","250","","","","","60","218","216","10026","9995","0","99","8","5","2","7","6","25","6","8","100","4","","",""
"2019062710","28","6","","350","","","","","60","220","218","10026","9995","0","99","8","5","1","7","6","25","6","8","100","4","","",""
"2019062711","28","7","","1000","","","","","21","228","218","10026","9995","0","94","7","2","8","7","5","30","6","7","120","3","","",""
"2019062712","27","8","","1000","","","","","","235","224","10021","9990","","93","7","2","7","7","5","30","6","7","120","3","","",""
"2019062713","30","7","","1000","","","","","","236","220","10018","9987","","91","6","4","25","6","6","120","3","","","","","",""
"2019062714","30","7","","1000","","","","","","235","219","10018","9987","","91","7","2","7","7","4","25","6","7","100","3","","",""
"2019062715","30","7","","900","","","","","10","235","218","10015","9984","","90","6","2","5","7","4","25","6","6","100","3","","",""
"2019062716","30","6","","800","","","","","10","231","212","10018","9987","","89","7","2","5","7","4","25","6","7","100","3","","",""
"2019062717","30","5","","900","","","","","10","228","213","10019","9988","","91","7","2","10","7","4","25","6","7","100","3","","",""
"2019062718","29","5","","1000","","","","","","227","212","10020","9989","","91","7","3","10","7","7","30","6","","","","","",""
"2019062719","28","5","","1000","","","","","","223","210","10025","9994","","92","7","4","15","7","7","30","6","","","","","",""
"2019062720","30","5","","1000","","","","","","220","208","10026","9995","","93","7","3","6","7","7","25","6","","","","","",""
"2019062721","29","5","","1000","","","","","","219","205","10032","10001","","92","7","1","8","7","7","20","6","","","","","",""
"2019062722","27","4","","1000","","","","","","220","207","10039","10008","","92","7","1","10","7","7","20","6","","","","","",""
"2019062723","24","3","","800","","","","","10","215","199","10034","10003","","91","6","6","200","0","","","","","","","","",""
"2019062724","23","2","","600","","","","","10","212","200","10033","10002","","93","6","1","40","6","6","160","0","","","","","",""
"2019062801","26","4","","600","","","","","10","209","198","10039","10008","","94","7","2","40","6","7","200","0","","","","","",""
"2019062802","22","3","","500","","","","","10","205","195","10031","10000","","94","5","2","30","6","5","200","0","","","","","",""
"2019062803","1","2","","400","","","","","10","205","194","10029","9998","","94","0","","","","","","","","","","","",""
"2019062804","35","2","","400","","","","","10","201","191","10033","10002","","94","0","","","","","","","","","","","",""
"2019062805","28","1","","450","","","","","10","197","188","10033","10002","","95","0","","","","","","","","","","","",""
"2019062806","19","3","","1000","","","","","","198","189","10034","10003","","94","0","","","","","","","","","","","",""
"2019062807","22","4","","1000","","","","","","219","202","10036","10005","","90","0","","","","","","","","","","","",""
"2019062808","33","3","","1000","","","","","","226","202","10039","10008","","86","3","1","12","7","3","200","0","","","","","",""
"2019062809","33","5","","1000","","","","","","228","202","10039","10008","","85","3","2","40","6","3","200","0","","","","","",""
"2019062810","1","5","","1000","","","","","","231","203","10038","10007","","84","2","2","200","0","","","","","","","","",""
"2019062811","2","6","","1000","","","","","","232","207","10039","10008","","86","3","3","200","0","","","","","","","","",""
"2019062812","34","5","","1000","","","","","","241","213","10039","10008","","84","4","4","200","0","","","","","","","","",""
"2019062813","36","5","","1000","","","","","","235","205","10035","10004","","84","5","5","200","0","","","","","","","","",""
"2019062814","1","5","","1000","","","","","","243","210","10031","10000","","82","4","4","200","0","","","","","","","","",""
"2019062815","1","6","","1000","","","","","","237","202","10027","9996","","81","2","2","200","0","","","","","","","","",""
"2019062816","32","4","","1000","","","","","","243","197","10025","9994","","76","1","1","200","0","","","","","","","","",""
"2019062817","33","4","","1000","","","","","","245","191","10027","9996","","72","2","2","200","0","","","","","","","","",""
"2019062818","34","4","","1000","","","","","","247","190","10029","9998","","71","3","3","200","0","","","","","","","","",""
"2019062819","1","3","","1000","","","","","","239","199","10030","9999","","78","5","5","200","0","","","","","","","","",""
"2019062820","7","3","","1000","","","","","","228","188","10028","9997","","78","6","6","200","0","","","","","","","","",""
"2019062821","36","1","","1000","","","","","","230","191","10034","10003","","79","6","6","200","0","","","","","","","","",""
"2019062822","1","1","","1000","","","","","","228","193","10036","10005","","81","6","6","200","0","","","","","","","","",""
"2019062823","28","2","","1000","","","","","","225","191","10035","10004","","81","4","4","200","0","","","","","","","","",""
"2019062824","5","1","","1000","","","","","","221","190","10034","10003","","82","3","3","200","0","","","","","","","","",""
"2019062901","11","3","","1000","","","","","","223","193","10023","9992","","83","5","5","200","0","","","","","","","","",""
"2019062902","19","1","","1000","","","","","","217","192","10018","9987","","86","6","4","35","6","6","160","0","","","","","",""
"2019062903","12","6","","1000","","","","","","224","188","10007","9976","","80","6","4","40","6","6","160","0","","","","","",""
"2019062904","4","4","","1000","","","","","","224","193","10001","9970","","83","7","4","40","6","7","160","0","","","","","",""
"2019062905","9","3","","800","","","","","10","221","195","9997","9966","","85","7","4","40","6","7","200","0","","","","","",""
"2019062906","25","1","","700","","","","","10","221","205","10000","9969","","90","8","6","40","6","8","120","4","","","","","",""
"2019062907","3","2","","600","","","","","10","229","204","9998","9967","","86","8","6","30","6","8","120","4","","","","","",""
"2019062908","35","2","","800","","","","","10","233","205","9996","9965","","84","8","5","25","6","8","120","4","","","","","",""
"2019062909","4","4","","800","","","","","10","234","207","9994","9963","","85","8","1","12","7","5","25","6","8","120","4","","",""
"2019062910","23","13","","1000","","","","","60","275","243","9987","9957","0","83","8","1","10","7","6","20","6","8","90","4","","",""
"2019062911","22","9","","1000","","","","","21","282","239","9984","9954","0","78","8","1","13","7","5","30","6","8","100","4","","",""
"2019062912","23","9","","1000","","","","","61","274","247","9977","9947","5","85","8","2","12","7","6","25","6","8","80","5","","",""
"2019062913","22","11","","1000","","","","","61","275","247","9965","9935","0","85","8","1","12","7","5","25","6","8","100","4","","",""
"2019062914","22","17","","1000","","","","","61","273","246","9955","9925","15","85","8","1","15","7","5","30","6","8","100","4","","",""
"2019062915","21","15","","1000","","","","","21","273","248","9938","9908","0","86","8","1","15","7","4","30","6","8","100","4","","",""
"2019062916","22","25","38","1000","","","","","","271","249","9934","9904","","88","8","2","12","7","4","25","6","8","100","4","","",""
"2019062917","23","25","","1000","","","","","","277","250","9928","9898","","85","7","1","15","7","5","100","3","7","180","0","","",""
"2019062918","24","26","38","1000","","","","","","272","247","9936","9906","","87","7","2","13","7","5","100","3","7","160","1","","",""
"2019062919","24","25","40","700","","","","","10","261","243","9944","9914","","90","6","3","10","7","5","100","3","6","160","1","","",""
"2019062920","25","21","33","1000","","","","","","259","231","9953","9923","","84","6","3","15","7","6","120","3","","","","","",""
"2019062921","25","21","32","1000","","","","","","241","228","9969","9938","","92","7","3","7","7","7","120","3","","","","","",""
"2019062922","25","19","","1000","","","","","","236","222","9990","9959","","92","7","4","7","7","7","120","3","","","","","",""
"2019062923","26","14","","1000","","","","","","227","217","10003","9972","","94","7","4","5","7","7","120","3","","","","","",""
"2019062924","25","10","","400","","","","","60","221","216","10007","9976","0","97","8","4","5","7","8","80","4","","","","","",""
"2019063001","25","9","","400","","","","","61","220","217","10006","9975","0","98","8","4","5","7","8","80","4","","","","","",""
"2019063002","24","7","","420","","","","","61","220","217","10005","9974","0","98","8","4","5","7","8","80","4","","","","","",""
"2019063003","27","6","","450","","","","","61","218","215","10005","9974","5","98","8","4","5","7","5","25","6","8","80","4","","",""
"2019063004","27","6","","280","","","","","61","215","212","10006","9975","0","98","8","4","3","7","5","25","6","8","80","4","","",""
"2019063005","26","6","","1000","","","","","21","212","209","10010","9979","0","98","8","3","5","7","5","30","6","8","100","4","","",""
"2019063006","27","4","","1000","","","","","","213","210","10011","9980","","98","8","3","8","7","5","30","6","8","100","4","","",""
"2019063007","27","3","","1000","","","","","","215","211","10015","9984","","98","8","3","7","7","5","30","6","8","100","4","","",""
"2019063008","32","3","","1000","","","","","","215","209","10023","9992","","97","8","3","5","7","5","30","6","8","100","4","","",""
"2019063009","31","5","","600","","","","","10","213","207","10031","10000","","96","8","4","4","7","6","30","6","8","100","4","","",""
"2019063010","31","4","","900","","","","","10","215","207","10032","10001","","95","8","2","5","7","4","30","6","8","100","4","","",""
"2019063011","31","4","","1000","","","","","","227","212","10031","10000","","92","7","2","30","6","5","140","3","7","200","0","","",""
"2019063012","30","4","","1000","","","","","","238","207","10033","10002","","83","7","4","150","3","7","200","0","","","","","",""
"2019063013","31","6","","1000","","","","","","236","207","10032","10001","","84","7","5","150","3","7","200","0","","","","","",""
"2019063014","30","6","","1000","","","","","","229","207","10032","10001","","87","7","1","12","7","4","20","6","7","130","3","","",""
"2019063015","27","8","","1000","","","","","","231","210","10036","10005","","88","7","3","20","6","7","140","3","","","","","",""
"2019063016","31","5","","1000","","","","","","241","209","10035","10004","","82","7","2","15","7","4","25","6","7","140","3","","",""
"2019063017","30","5","","1000","","","","","60","234","210","10035","10004","0","86","8","2","15","7","4","30","6","8","120","4","","",""
"2019063018","28","6","","1000","","","","","21","240","213","10036","10005","0","85","6","1","25","6","6","170","1","","","","","",""
"2019063019","28","6","","1000","","","","","","234","214","10037","10006","","89","6","6","190","1","","","","","","","","",""
"2019063020","27","5","","1000","","","","","","228","216","10043","10012","","93","7","7","190","1","","","","","","","","",""
"2019063021","28","4","","1000","","","","","","228","214","10049","10018","","92","7","7","180","0","","","","","","","","",""
"2019063022","26","4","","1000","","","","","","221","209","10054","10023","","93","6","6","200","0","","","","","","","","",""
"2019063023","22","7","","1000","","","","","","222","209","10060","10029","","93","6","6","180","0","","","","","","","","",""
